mode,scope,policy_name,cache_interval,cache_branch_id,num_samples,avg_runtime_s,std_runtime_s,avg_speedup_vs_baseline,std_speedup_vs_baseline,avg_l2_vs_baseline,avg_psnr_vs_baseline,avg_refresh_ratio,avg_delta_score
adaptive,default,adaptive_balanced,3,0,4,8.582403,1.280907,2.229564,0.431982,0.11827877,19.349474,0.269608,1.06479891
adaptive,default,adaptive_quality,3,0,4,22.889077,8.320513,0.957604,0.402188,0.08845304,23.456416,0.67647,1.04176697
adaptive,default,adaptive_speed,3,0,4,9.413876,6.25434,2.724005,1.162484,0.14211171,17.510878,0.156863,1.05585189
adaptive,layer_sweep,adaptive_speed,3,0,4,5.566743,0.039746,3.338275,0.231515,0.14211171,17.510878,0.156863,1.05585189
adaptive,layer_sweep,adaptive_speed,3,1,4,15.884305,8.665041,1.580933,0.808459,0.1442101,17.241166,0.156863,1.05561766
adaptive,layer_sweep,adaptive_speed,3,2,4,12.556692,0.060963,1.480094,0.105041,0.1477938,17.042502,0.156863,1.05554621
adaptive,layer_sweep,adaptive_speed,3,3,4,19.876836,6.826533,1.024709,0.265655,0.14380588,17.197256,0.156863,1.05488398
baseline,default,baseline,0,-1,4,18.59126,1.402336,1.0,0.0,0.0,99.0,0.0,
fixed,default,fixed_k3,3,0,4,9.046657,0.642888,2.058848,0.142808,0.11125567,20.423471,0.333333,
